{
  "$schema": "https://raw.githubusercontent.com/spdx/spdx-spec/v2.2.1/schemas/spdx-schema.json",
  "spdxVersion": "SPDX-2.2",
  "dataLicense": "CC0-1.0",
  "SPDXID": "SPDXRef-DOCUMENT",
  "documentNamespace": "https://spdx.org/spdxdocs/libwebsockets-x64-windows-4.3.3#1-c96a9ded-ff7e-429c-9583-f09ccb72bc3b",
  "name": "libwebsockets:x64-windows@4.3.3#1 a099a53d066e0dd652f80d33f6d860bc039ca15390f10906e95e99147c624e08",
  "creationInfo": {
    "creators": [
      "Tool: vcpkg-2025-02-11-bec4296bf5289dc9ce83b4f5095943e44162f9c2"
    ],
    "created": "2025-02-25T22:52:01Z"
  },
  "relationships": [
    {
      "spdxElementId": "SPDXRef-port",
      "relationshipType": "GENERATES",
      "relatedSpdxElement": "SPDXRef-binary"
    },
    {
      "spdxElementId": "SPDXRef-port",
      "relationshipType": "CONTAINS",
      "relatedSpdxElement": "SPDXRef-file-0"
    },
    {
      "spdxElementId": "SPDXRef-port",
      "relationshipType": "CONTAINS",
      "relatedSpdxElement": "SPDXRef-file-1"
    },
    {
      "spdxElementId": "SPDXRef-port",
      "relationshipType": "CONTAINS",
      "relatedSpdxElement": "SPDXRef-file-2"
    },
    {
      "spdxElementId": "SPDXRef-port",
      "relationshipType": "CONTAINS",
      "relatedSpdxElement": "SPDXRef-file-3"
    },
    {
      "spdxElementId": "SPDXRef-port",
      "relationshipType": "CONTAINS",
      "relatedSpdxElement": "SPDXRef-file-4"
    },
    {
      "spdxElementId": "SPDXRef-binary",
      "relationshipType": "GENERATED_FROM",
      "relatedSpdxElement": "SPDXRef-port"
    },
    {
      "spdxElementId": "SPDXRef-file-0",
      "relationshipType": "CONTAINED_BY",
      "relatedSpdxElement": "SPDXRef-port"
    },
    {
      "spdxElementId": "SPDXRef-file-1",
      "relationshipType": "CONTAINED_BY",
      "relatedSpdxElement": "SPDXRef-port"
    },
    {
      "spdxElementId": "SPDXRef-file-2",
      "relationshipType": "CONTAINED_BY",
      "relatedSpdxElement": "SPDXRef-port"
    },
    {
      "spdxElementId": "SPDXRef-file-3",
      "relationshipType": "CONTAINED_BY",
      "relatedSpdxElement": "SPDXRef-port"
    },
    {
      "spdxElementId": "SPDXRef-file-4",
      "relationshipType": "CONTAINED_BY",
      "relatedSpdxElement": "SPDXRef-port"
    }
  ],
  "packages": [
    {
      "name": "libwebsockets",
      "SPDXID": "SPDXRef-port",
      "versionInfo": "4.3.3#1",
      "downloadLocation": "git+https://github.com/microsoft/vcpkg@68b66d2cf7613db48230bbfe150b1702e9a52397",
      "homepage": "https://github.com/warmcat/libwebsockets",
      "licenseConcluded": "NOASSERTION",
      "licenseDeclared": "NOASSERTION",
      "copyrightText": "NOASSERTION",
      "description": "Libwebsockets is a lightweight pure C library built to use minimal CPU and memory resources, and provide fast throughput in both directions as client or server.",
      "comment": "This is the port (recipe) consumed by vcpkg."
    },
    {
      "name": "libwebsockets:x64-windows",
      "SPDXID": "SPDXRef-binary",
      "versionInfo": "a099a53d066e0dd652f80d33f6d860bc039ca15390f10906e95e99147c624e08",
      "downloadLocation": "NONE",
      "licenseConcluded": "NOASSERTION",
      "licenseDeclared": "NOASSERTION",
      "copyrightText": "NOASSERTION",
      "comment": "This is a binary package built by vcpkg."
    },
    {
      "SPDXID": "SPDXRef-resource-0",
      "name": "warmcat/libwebsockets",
      "downloadLocation": "git+https://github.com/warmcat/libwebsockets@4415e84c095857629863804e941b9e1c2e9347ef",
      "licenseConcluded": "NOASSERTION",
      "licenseDeclared": "NOASSERTION",
      "copyrightText": "NOASSERTION",
      "checksums": [
        {
          "algorithm": "SHA512",
          "checksumValue": "11aed4ce06af0ef94ce3eaaf32cc2b5735be140dfcda1768cc8ccb0ed97c7bc7bdbb1b2718c6d6ef6a9058de208ba94cae85eedc1c597656300a4181060e31ff"
        }
      ]
    }
  ],
  "files": [
    {
      "fileName": "./C:/Users/Thomas/AppData/Local/vcpkg/registries/git-trees/68b66d2cf7613db48230bbfe150b1702e9a52397/export-include-path.patch",
      "SPDXID": "SPDXRef-file-0",
      "checksums": [
        {
          "algorithm": "SHA256",
          "checksumValue": "8ed63d45b181cf5adbcea2b9acfe0faf0ba7a82981348e21603707c541cdb32c"
        }
      ],
      "licenseConcluded": "NOASSERTION",
      "copyrightText": "NOASSERTION"
    },
    {
      "fileName": "./C:/Users/Thomas/AppData/Local/vcpkg/registries/git-trees/68b66d2cf7613db48230bbfe150b1702e9a52397/fix-build-error.patch",
      "SPDXID": "SPDXRef-file-1",
      "checksums": [
        {
          "algorithm": "SHA256",
          "checksumValue": "e1d97c688b688d0c4951e0d84b7d19e5b7f1c611518617b839550421638a196e"
        }
      ],
      "licenseConcluded": "NOASSERTION",
      "copyrightText": "NOASSERTION"
    },
    {
      "fileName": "./C:/Users/Thomas/AppData/Local/vcpkg/registries/git-trees/68b66d2cf7613db48230bbfe150b1702e9a52397/fix-dependency-libuv.patch",
      "SPDXID": "SPDXRef-file-2",
      "checksums": [
        {
          "algorithm": "SHA256",
          "checksumValue": "995e6d17ebc83e4c3e2d4e91f30193aa9ab776228a2405fcdab368a586fbe214"
        }
      ],
      "licenseConcluded": "NOASSERTION",
      "copyrightText": "NOASSERTION"
    },
    {
      "fileName": "./C:/Users/Thomas/AppData/Local/vcpkg/registries/git-trees/68b66d2cf7613db48230bbfe150b1702e9a52397/portfile.cmake",
      "SPDXID": "SPDXRef-file-3",
      "checksums": [
        {
          "algorithm": "SHA256",
          "checksumValue": "f219997c378363f6559c70d8e7f46746e1c0140b4332513d8a1da7b53c8dba8b"
        }
      ],
      "licenseConcluded": "NOASSERTION",
      "copyrightText": "NOASSERTION"
    },
    {
      "fileName": "./C:/Users/Thomas/AppData/Local/vcpkg/registries/git-trees/68b66d2cf7613db48230bbfe150b1702e9a52397/vcpkg.json",
      "SPDXID": "SPDXRef-file-4",
      "checksums": [
        {
          "algorithm": "SHA256",
          "checksumValue": "83b067bc0db81441d5c7e45e2161dfe5620556500f18f7dee39870b8a5abe1af"
        }
      ],
      "licenseConcluded": "NOASSERTION",
      "copyrightText": "NOASSERTION"
    }
  ]
}
