{
  "$schema": "https://raw.githubusercontent.com/spdx/spdx-spec/v2.2.1/schemas/spdx-schema.json",
  "spdxVersion": "SPDX-2.2",
  "dataLicense": "CC0-1.0",
  "SPDXID": "SPDXRef-DOCUMENT",
  "documentNamespace": "https://spdx.org/spdxdocs/libuv-x64-windows-1.50.0-e015ed9a-46de-47a0-953d-89216a4446b3",
  "name": "libuv:x64-windows@1.50.0 f6d9f1113b12e396a1b2df8211752ef9881e85b291d95d534bc4d87f5a21721d",
  "creationInfo": {
    "creators": [
      "Tool: vcpkg-2025-02-11-bec4296bf5289dc9ce83b4f5095943e44162f9c2"
    ],
    "created": "2025-02-25T22:27:28Z"
  },
  "relationships": [
    {
      "spdxElementId": "SPDXRef-port",
      "relationshipType": "GENERATES",
      "relatedSpdxElement": "SPDXRef-binary"
    },
    {
      "spdxElementId": "SPDXRef-port",
      "relationshipType": "CONTAINS",
      "relatedSpdxElement": "SPDXRef-file-0"
    },
    {
      "spdxElementId": "SPDXRef-port",
      "relationshipType": "CONTAINS",
      "relatedSpdxElement": "SPDXRef-file-1"
    },
    {
      "spdxElementId": "SPDXRef-port",
      "relationshipType": "CONTAINS",
      "relatedSpdxElement": "SPDXRef-file-2"
    },
    {
      "spdxElementId": "SPDXRef-port",
      "relationshipType": "CONTAINS",
      "relatedSpdxElement": "SPDXRef-file-3"
    },
    {
      "spdxElementId": "SPDXRef-port",
      "relationshipType": "CONTAINS",
      "relatedSpdxElement": "SPDXRef-file-4"
    },
    {
      "spdxElementId": "SPDXRef-binary",
      "relationshipType": "GENERATED_FROM",
      "relatedSpdxElement": "SPDXRef-port"
    },
    {
      "spdxElementId": "SPDXRef-file-0",
      "relationshipType": "CONTAINED_BY",
      "relatedSpdxElement": "SPDXRef-port"
    },
    {
      "spdxElementId": "SPDXRef-file-1",
      "relationshipType": "CONTAINED_BY",
      "relatedSpdxElement": "SPDXRef-port"
    },
    {
      "spdxElementId": "SPDXRef-file-2",
      "relationshipType": "CONTAINED_BY",
      "relatedSpdxElement": "SPDXRef-port"
    },
    {
      "spdxElementId": "SPDXRef-file-3",
      "relationshipType": "CONTAINED_BY",
      "relatedSpdxElement": "SPDXRef-port"
    },
    {
      "spdxElementId": "SPDXRef-file-4",
      "relationshipType": "CONTAINED_BY",
      "relatedSpdxElement": "SPDXRef-port"
    }
  ],
  "packages": [
    {
      "name": "libuv",
      "SPDXID": "SPDXRef-port",
      "versionInfo": "1.50.0",
      "downloadLocation": "git+https://github.com/microsoft/vcpkg@0687578b4e8a7a1ac139c3ef41fb38376cf253bb",
      "homepage": "https://github.com/libuv/libuv",
      "licenseConcluded": "BSD-3-Clause",
      "licenseDeclared": "NOASSERTION",
      "copyrightText": "NOASSERTION",
      "description": "libuv is a multi-platform support library with a focus on asynchronous I/O.",
      "comment": "This is the port (recipe) consumed by vcpkg."
    },
    {
      "name": "libuv:x64-windows",
      "SPDXID": "SPDXRef-binary",
      "versionInfo": "f6d9f1113b12e396a1b2df8211752ef9881e85b291d95d534bc4d87f5a21721d",
      "downloadLocation": "NONE",
      "licenseConcluded": "BSD-3-Clause",
      "licenseDeclared": "NOASSERTION",
      "copyrightText": "NOASSERTION",
      "comment": "This is a binary package built by vcpkg."
    },
    {
      "SPDXID": "SPDXRef-resource-0",
      "name": "libuv/libuv",
      "downloadLocation": "git+https://github.com/libuv/libuv@v1.50.0",
      "licenseConcluded": "NOASSERTION",
      "licenseDeclared": "NOASSERTION",
      "copyrightText": "NOASSERTION",
      "checksums": [
        {
          "algorithm": "SHA512",
          "checksumValue": "9073d9dcd17980a57c76030fb8a273300e06c25dc6494a9b1e7b16d849340820bd8188b8247cc5505b5a480ea9c56d970321c6a15c219c50c75c8a83b5ee4fb4"
        }
      ]
    }
  ],
  "files": [
    {
      "fileName": "./C:/Users/Thomas/AppData/Local/vcpkg/registries/git-trees/0687578b4e8a7a1ac139c3ef41fb38376cf253bb/fix-build-type.patch",
      "SPDXID": "SPDXRef-file-0",
      "checksums": [
        {
          "algorithm": "SHA256",
          "checksumValue": "820cf493e6e2724b2b0a8785a9522da5b11dd132d6f704f3b246a0f9755881da"
        }
      ],
      "licenseConcluded": "NOASSERTION",
      "copyrightText": "NOASSERTION"
    },
    {
      "fileName": "./C:/Users/Thomas/AppData/Local/vcpkg/registries/git-trees/0687578b4e8a7a1ac139c3ef41fb38376cf253bb/portfile.cmake",
      "SPDXID": "SPDXRef-file-1",
      "checksums": [
        {
          "algorithm": "SHA256",
          "checksumValue": "a8f5285b692f98a15ec54ad070fd5d8afc847337d1a5f0d6dad9742fe7201232"
        }
      ],
      "licenseConcluded": "NOASSERTION",
      "copyrightText": "NOASSERTION"
    },
    {
      "fileName": "./C:/Users/Thomas/AppData/Local/vcpkg/registries/git-trees/0687578b4e8a7a1ac139c3ef41fb38376cf253bb/ssize_t.patch",
      "SPDXID": "SPDXRef-file-2",
      "checksums": [
        {
          "algorithm": "SHA256",
          "checksumValue": "b38500c8cb07b537b3511920039a15f6dc6b6e634bade528f955f80a3567886c"
        }
      ],
      "licenseConcluded": "NOASSERTION",
      "copyrightText": "NOASSERTION"
    },
    {
      "fileName": "./C:/Users/Thomas/AppData/Local/vcpkg/registries/git-trees/0687578b4e8a7a1ac139c3ef41fb38376cf253bb/usage",
      "SPDXID": "SPDXRef-file-3",
      "checksums": [
        {
          "algorithm": "SHA256",
          "checksumValue": "301a70e11df0224d2896f714894841c43c64d0563125ee82579739aeaf063c68"
        }
      ],
      "licenseConcluded": "NOASSERTION",
      "copyrightText": "NOASSERTION"
    },
    {
      "fileName": "./C:/Users/Thomas/AppData/Local/vcpkg/registries/git-trees/0687578b4e8a7a1ac139c3ef41fb38376cf253bb/vcpkg.json",
      "SPDXID": "SPDXRef-file-4",
      "checksums": [
        {
          "algorithm": "SHA256",
          "checksumValue": "4642bc92614d43b4c9c166fd724896c39bf2e3eb936529609aa7e3307a51c32b"
        }
      ],
      "licenseConcluded": "NOASSERTION",
      "copyrightText": "NOASSERTION"
    }
  ]
}
